slug consuntivo competenza,slug consuntivo cassa,slug preventivo,slug old,titolo,descrizione
consuntivo-spese-impegni-spese-per-investimenti-interventi-acquisizione-di-beni-immobili,consuntivo-spese-cassa-spese-per-investimenti-interventi-acquisizione-di-beni-immobili,preventivo-spese-spese-per-investimenti-interventi-acquisizione-di-beni-immobili,acquisizione-di-beni-immobili,Acquisizione di beni immobili,"<p>Sono le spese destinate all'acquisto di beni immobili, quali edifici, uffici, fabbricati o terreni.<a title=""Acquisizione di beni immobili"" href=""http://it.wikipedia.org/wiki/Glossario_del_bilancio_comunale#Acquisizione_di_beni_immobili"" target=""_blank"">Vai al glossario</a></p>"
consuntivo-spese-impegni-spese-per-investimenti-interventi-acquisizioni-di-beni-mobili,consuntivo-spese-cassa-spese-per-investimenti-interventi-acquisizioni-di-beni-mobili,preventivo-spese-spese-per-investimenti-interventi-acquisizioni-di-beni-mobili,acquisizioni-di-beni-mobili,Acquisizioni di beni mobili,"<p>Sono le somme per l'acquisto di beni mobili, come l'arredamento degli uffici o i mezzi di trasporto comunali (auto, autobus...).<a title=""Acquisizione di beni mobili"" href=""http://it.wikipedia.org/wiki/Glossario_del_bilancio_comunale#Acquisizione_di_beni_mobili"" target=""_blank"">Vai al glossario</a></p>"
consuntivo-entrate-accertamenti-imposte-e-tasse-imposte-addizionale-irpef,consuntivo-entrate-cassa-imposte-e-tasse-imposte-addizionale-irpef,,addizionale-irpef,Addizionale IRPEF,"<p>E' una aliquota aggiuntiva all'IRPEF, stabilita in parte dallo Stato, in parte dai singoli Comuni.<a title=""Addizionale IRPEF"" href=""http://it.wikipedia.org/wiki/Glossario_del_bilancio_comunale#Addizionale_comunale_all.27IRPEF"" target=""_blank"">Vai al glossario</a></p>"
consuntivo-entrate-accertamenti-vendite-e-trasferimenti-di-capitali-alienazione-del-patrimonio,consuntivo-entrate-cassa-vendite-e-trasferimenti-di-capitali-alienazione-del-patrimonio,preventivo-entrate-vendite-e-trasferimenti-di-capitali-alienazione-del-patrimonio,alienazione-del-patrimonio,Alienazione del patrimonio,"<p>Tutti i ricavi provenienti dalla vendita di beni mobili (es: automobil) ed immobili (palazzi, fabbricati) di propriet&agrave; del Comune <a title=""alienazione di beni patrimoniali"" href=""http://it.wikipedia.org/wiki/Glossario_del_bilancio_comunale#Alienazione_di_beni_patrimoniali"" target=""_blank"">(Tit. IV - Cat. 1 - Alienazione di beni patrimoniali)</a></p>"
consuntivo-entrate-accertamenti-entrate-extratributarie-altre-entrate-extratributarie,consuntivo-entrate-cassa-entrate-extratributarie-altre-entrate-extratributarie,preventivo-entrate-entrate-extratributarie-altre-entrate-extratributarie,altre-entrate-extratributarie,Altre extratributarie,"<p>I proventi diversi dalle fonti extratributarie principali <a title=""proventi diversi"" href=""http://it.wikipedia.org/wiki/Glossario_del_bilancio_comunale#Proventi_diversi"" target=""_blank"">(Tit. III - Cat. 5 - Proventi diversi)</a></p>"
consuntivo-spese-impegni-spese-correnti-interventi-altre-spese-per-interventi-correnti,consuntivo-spese-cassa-spese-correnti-interventi-altre-spese-per-interventi-correnti,preventivo-spese-spese-correnti-interventi-altre-spese-per-interventi-correnti,altre-spese-per-interventi-correnti,Altre spese per interventi correnti,"<p>Somma degli interventi: Acquisto di beni di consumo e/o di materie prime, Utilizzo di beni di terzi, Imposte e tasse, Oneri straordinari della gestione corrente, Ammortamenti di esercizio</p>"
consuntivo-entrate-accertamenti-imposte-e-tasse-tasse-altre-tasse,consuntivo-entrate-cassa-imposte-e-tasse-tasse-altre-tasse,preventivo-entrate-imposte-e-tasse-tasse-altre-tasse,altre-tasse,Altre Tasse,"<p>Somma delle voci ""tasse per l'occupazione degli spazi e delle aree pubbliche"" e di ""altre tasse"" (TOSAP - <a title=""TOSAP"" href=""http://it.wikipedia.org/wiki/Glossario_del_bilancio_comunale#Tassa_per_l.27occupazione_degli_spazi_e_delle_aree_pubbliche_.28TOSAP.29"" target=""_blank"">Tit. I - Cat. 2 - Tasse - TOSAP</a>; Tit. I - Cat. 2 - Tasse - Altre tasse).</p>"
consuntivo-spese-impegni-spese-per-investimenti-interventi-altri-investimenti-per-interventi,consuntivo-spese-cassa-spese-per-investimenti-interventi-altri-investimenti-per-interventi,preventivo-spese-spese-per-investimenti-interventi-altri-investimenti-per-interventi,altri-investimenti-per-interventi,Altri investimenti per interventi,"<p>Somma degli interventi: Espropri e servit&ugrave; onerose, acquisto di beni specifici per realizzazioni in economia, Utilizzo di beni di terzi per realizzazioni in economia, Concessioni di crediti e anticipazioni</p>"
consuntivo-entrate-accertamenti-imposte-e-tasse-tributi-speciali,consuntivo-entrate-cassa-imposte-e-tasse-tributi-speciali,preventivo-entrate-imposte-e-tasse-altri-tributi,altri-tributi,Altri tributi,"<p>Insieme dei tributi stabiliti su misura dal Consiglio Comunale, tra cui il <a title=""fondo sperimentale di riequilibrio"" href=""http://it.wikipedia.org/wiki/Glossario_del_bilancio_comunale#Fondo_sperimentale_di_riequilibrio"">fondo sperimentale di riequilibrio</a> e i <a title=""diritti sulle pubbliche affissioni"" href=""http://it.wikipedia.org/wiki/Glossario_del_bilancio_comunale#D"" target=""_blank"">diritti sulle pubbliche affissioni</a> <a title=""altri tributi"" href=""http://it.wikipedia.org/wiki/Glossario_del_bilancio_comunale#Altri_tributi"" target=""_blank"">(Tit. I - Cat. 3 - Tributi speciali ed altre entrate tributarie proprie)</a></p>"
consuntivo-spese-impegni-spese-somma-funzioni-amministrazione-amministrazione-altro,consuntivo-spese-cassa-spese-somma-funzioni-amministrazione-amministrazione-altro,,amministrazione-altro,Amministrazione (altro),"<p>Sono le spese per il funzionamento degli uffici Comunali, e per tutti gli altri servizi generali necessari al Comune per lo svolgimento delle sue attivit&agrave; principali. <a title=""Amministrazione (altro)"" href=""http://it.wikipedia.org/wiki/Glossario_del_bilancio_comunale#Funzioni_generali_di_amministrazione.2C_gestione_e_controllo"" target=""_blank"">Vai al glossario</a></p>"
consuntivo-spese-impegni-spese-somma-funzioni-sociale-asili-nido,consuntivo-spese-cassa-spese-somma-funzioni-sociale-asili-nido,,asili-nido,Asili nido,"<p>Spese per il funzionamento degli asili nido pubblici, contributi a strutture private, e i servizi di tutela per l'infanzia e i minori. <a title=""Asili nido"" href=""http://it.wikipedia.org/wiki/Glossario_del_bilancio_comunale#Funzioni_nel_settore_sociale"" target=""_blank"">Vai al glossario</a></p>"
consuntivo-spese-impegni-spese-somma-funzioni-sociale-assistenza-beneficenza-e-altro,consuntivo-spese-cassa-spese-somma-funzioni-sociale-assistenza-beneficenza-e-altro,,assistenza-beneficenza-e-altro,"Assistenza, beneficenza e altro","<p>Spese per interventi di carattere sociale sul territorio e servizi annessi, che non rientrano nelle voci della funzione sociale. <a title=""Assistenza, Beneficienza e altro"" href=""http://it.wikipedia.org/wiki/Glossario_del_bilancio_comunale#Funzioni_nel_settore_sociale"" target=""_blank"">Vai al glossario</a></p>"
consuntivo-spese-impegni-spese-somma-funzioni-istruzione-assistenza-trasporto-mense,consuntivo-spese-cassa-spese-somma-funzioni-istruzione-assistenza-trasporto-mense,,assistenza-trasporto-mense,"Assistenza, trasporto, mense","<p>Spese per servizi complementari a quelli scolastici, come assistenza, trasporto scolastico, mensa. <a title=""Istruzione"" href=""http://it.wikipedia.org/wiki/Glossario_del_bilancio_comunale#Funzioni_di_istruzione_pubblica"" target=""_blank"">Vai al glossario</a></p>"
consuntivo-spese-impegni-spese-somma-funzioni-cultura-biblioteche-e-musei,consuntivo-spese-cassa-spese-somma-funzioni-cultura-biblioteche-e-musei,,biblioteche-e-musei,Biblioteche e musei,"<p>Spese per i servizi bibliotecari e museali, compresi i pagamenti del personale, l'acquisto di libri o altro materiale, la costruzione e manutenzione dei locali. <a title=""Cultura"" href=""http://it.wikipedia.org/wiki/Glossario_del_bilancio_comunale#Funzioni_relative_alla_cultura_e_ai_beni_culturali"" target=""_blank"">Vai al glossario</a></p>"
consuntivo-entrate-accertamenti-imposte-e-tasse-imposte-casa-e-fabbricati,consuntivo-entrate-cassa-imposte-e-tasse-imposte-casa-e-fabbricati,preventivo-entrate-imposte-e-tasse-imposte-casa-e-fabbricati,casa-e-fabbricati,Casa e fabbricati,"<p>La somma di tutte le imposte sull'abitazione principale (I.C.I., I.M.U. o l'attuale I.C.U.) e su altri tipi di fabbricati (seconde case o altri immobili a uso commerciale) <a title=""casa e fabbricati"" href=""http://it.wikipedia.org/wiki/Glossario_del_bilancio_comunale#Imposta_su_abitazione"" target=""_blank"">(Tit.I - Cat. 2 - Imposte - Casa e fabbricati)</a></p>"
consuntivo-spese-impegni-spese-somma-funzioni-sociale-cimiteri,consuntivo-spese-cassa-spese-somma-funzioni-sociale-cimiteri,,cimiteri,Cimiteri,"<p>Spese per il servizio necroscopico e cimiteriale, e per la manutenzione degli spazi. <a title=""Servizio necroscopico e cimiteriale"" href=""http://it.wikipedia.org/wiki/Glossario_del_bilancio_comunale#Funzioni_nel_settore_sociale"" target=""_blank"">Vai al glossario</a></p>"
consuntivo-spese-impegni-spese-per-investimenti-interventi-conferimenti-di-capitale,consuntivo-spese-cassa-spese-per-investimenti-interventi-conferimenti-di-capitale,preventivo-spese-spese-per-investimenti-interventi-conferimenti-di-capitale,conferimenti-di-capitale,Conferimenti di capitale,"<p>Spese per conferimento di capitale in societ&agrave; esterne all'ente.<a title=""Conferimenti di capitale"" href=""http://it.wikipedia.org/wiki/Glossario_del_bilancio_comunale#Conferimenti_di_capitale"" target=""_blank"">Vai al glossario</a></p>"
consuntivo-entrate-accertamenti-contributi-pubblici-contributi-da-altri-enti-pubblici,consuntivo-entrate-cassa-contributi-pubblici-contributi-da-altri-enti-pubblici,preventivo-entrate-contributi-pubblici-contributi-da-altri-enti-pubblici,contributi-da-altri-enti-pubblici,Contributi da altri enti pubblici,"<p>Somma della Cat. 4 ""<a title=""Contributi e trasferimenti da parte di organismi comunitari e internazionali"" href=""http://it.wikipedia.org/wiki/Glossario_del_bilancio_comunale#Contributi_e_trasferimenti_da_parte_di_organismi_comunitari_e_internazionali"" target=""_blank"">Contributi e trasferimenti da parte di organismi comunitari e internazionali</a>"" e della Cat. 5 ""<a title=""Contributi e trasferimenti correnti da altri enti del settore pubblico"" href=""http://it.wikipedia.org/wiki/Glossario_del_bilancio_comunale#Contributi_e_trasferimenti_correnti_da_altri_enti_del_settore_pubblico"" target=""_blank"">Contributi e trasferimenti correnti da altri enti del settore pubblico</a>"" del Titolo II</p>"
consuntivo-entrate-accertamenti-contributi-pubblici-contributi-dalla-regione,consuntivo-entrate-cassa-contributi-pubblici-contributi-dalla-regione,preventivo-entrate-contributi-pubblici-contributi-dalla-regione,contributi-dalla-regione,Contributi dalla Regione,"<p>Somma della Cat. 2 ""Contributi e trasferimenti correnti dalla Regione"" e della Cat. 3 ""Contributi e trasferimenti correnti dalla Regione per funzioni delegate"" del Titolo II (<a title=""contributi e trasferimenti correnti dalla regione"" href=""http://it.wikipedia.org/wiki/Glossario_del_bilancio_comunale#Contributi_e_trasferimenti_correnti_dalla_Regione"" target=""_blank"">Tit. II - Cat. 2</a>; <a title=""contributi e trasferimenti dalla regione per funzioni delegate"" href=""http://it.wikipedia.org/wiki/Glossario_del_bilancio_comunale#Contributi_e_trasferimenti_correnti_dalla_Regione_per_funzioni_delegate"" target=""_blank"">Tit. II - Cat. 3</a>)</p>"
consuntivo-entrate-accertamenti-contributi-pubblici-contributi-dallo-stato,consuntivo-entrate-cassa-contributi-pubblici-contributi-dallo-stato,preventivo-entrate-contributi-pubblici-contributi-dallo-stato,contributi-dallo-stato,Contributi dallo Stato,"<p>Somma dei contributi dello Stato, per contribuire alle spese di funzionamento (<a title=""Contributi e trasferimenti correnti dallo Stato"" href=""http://it.wikipedia.org/wiki/Glossario_del_bilancio_comunale#Contributi_e_trasferimenti_correnti_dallo_Stato_.28Entrate_correnti.29"" target=""_blank"">Tit. II - Cat. 1 - Contribuiti e trasferimenti correnti dallo Stato</a>)</p>"
consuntivo-entrate-accertamenti-contributi-pubblici,consuntivo-entrate-cassa-contributi-pubblici,preventivo-entrate-contributi-pubblici,contributi-pubblici,Contributi pubblici,"<p>Somma dei contributi che il Comune riceve dallo Stato, dalla Regione o da altri enti pubblici <a title=""Entrate derivanti da contributi e trasferimenti correnti"" href=""http://it.wikipedia.org/wiki/Glossario_del_bilancio_comunale#Entrate_derivanti_da_contributi_e_trasferimenti_correnti_dello_Stato.2C_della_Regione_e_altri_Enti_Pubblici"" target=""_blank"">(Titolo II Entrate - ""Entrate derivanti da contributi e trasferimenti correnti"")</a></p>"
consuntivo-spese-impegni-spese-somma-funzioni-territorio-e-ambiente-edilizia-pubblica,consuntivo-spese-cassa-spese-somma-funzioni-territorio-e-ambiente-edilizia-pubblica,,edilizia-pubblica,Edilizia pubblica,"<p>Spese per l'edilizia pubblica, per il funzionamento degli uffici, l'offerta di agevolazioni ai cittadini in stato di bisogno, e per la costruzione e manutenzione di strutture. <a title=""Funzioni riguardanti la gestione del territorio e dell'ambiente"" href=""http://it.wikipedia.org/wiki/Glossario_del_bilancio_comunale#Funzioni_riguardanti_la_gestione_del_territorio_e_dell.27ambiente"" target=""_blank"">Vai al glossario</a></p>"
consuntivo-entrate-accertamenti-entrate-extratributarie-servizi-pubblici-altri-servizi,consuntivo-entrate-cassa-entrate-extratributarie-servizi-pubblici-altri-servizi,,entrate-altri-servizi,Altri servizi,"<p>Sono le <a title=""entrate extratributarie"" href=""http://it.wikipedia.org/wiki/Glossario_del_bilancio_comunale#Entrate_extratributarie"" target=""_blank"">entrate extratributarie</a> realizzate nell'esercizio di servizi non direttamente riferiti a Funzioni.</p>"
consuntivo-entrate-accertamenti-entrate-extratributarie-servizi-pubblici-amministrazione,consuntivo-entrate-cassa-entrate-extratributarie-servizi-pubblici-amministrazione,,entrate-amministrazione,Amministrazione,"<p>Sono le <a title=""entrate extratributarie"" href=""http://it.wikipedia.org/wiki/Glossario_del_bilancio_comunale#Entrate_extratributarie"" target=""_blank"">entrate extratributarie</a> realizzate dagli Uffici Comunali (Anagrafe, Stato Civile, ecc.).</p>"
consuntivo-entrate-accertamenti-entrate-extratributarie-servizi-pubblici-cultura,consuntivo-entrate-cassa-entrate-extratributarie-servizi-pubblici-cultura,,entrate-cultura,Cultura,"<p>Sono le <a title=""entrate extratributarie"" href=""http://it.wikipedia.org/wiki/Glossario_del_bilancio_comunale#Entrate_extratributarie"" target=""_blank"">entrate extratributarie</a> realizzate durante manifestazioni o attivit&agrave; culturali.</p>"
consuntivo-entrate-accertamenti-entrate-extratributarie,consuntivo-entrate-cassa-entrate-extratributarie,preventivo-entrate-entrate-extratributarie,entrate-extratributarie,Entrate extratributarie,"<p>Somme delle entrate che il Comune realizza o prevede, diverse da tasse e imposte <a title=""entrate extratributarie"" href=""http://it.wikipedia.org/wiki/Glossario_del_bilancio_comunale#Entrate_extratributarie"" target=""_blank"">(Tit. III - Entrate extratributarie)</a></p>"
consuntivo-entrate-accertamenti-entrate-extratributarie-servizi-pubblici-giustizia,consuntivo-entrate-cassa-entrate-extratributarie-servizi-pubblici-giustizia,,entrate-giustizia,Giustizia,"<p>Sono le <a title=""entrate extratributarie"" href=""http://it.wikipedia.org/wiki/Glossario_del_bilancio_comunale#Entrate_extratributarie"" target=""_blank"">entrate extratributarie</a> realizzate dagli Uffici Giudiziari sul territorio.</p>"
consuntivo-entrate-accertamenti-entrate-extratributarie-servizi-pubblici-istruzione,consuntivo-entrate-cassa-entrate-extratributarie-servizi-pubblici-istruzione,,entrate-istruzione,Istruzione,"<p>Sono le <a title=""entrate extratributarie"" href=""http://it.wikipedia.org/wiki/Glossario_del_bilancio_comunale#Entrate_extratributarie"" target=""_blank"">entrate extratributarie</a> realizzate nell'esercizio delle funzioni di Pubblica Istruzione.</p>"
consuntivo-entrate-accertamenti-entrate-per-conto-terzi,consuntivo-entrate-cassa-entrate-per-conto-terzi,preventivo-entrate-entrate-per-conto-terzi,entrate-per-conto-terzi,Entrate per conto terzi,"<p>Principalmente si tratta delle ritenute effettuate sugli stipendi quale sostituto d'imposta. Sono una partita di giro, tanto entra e tanto esce (spese per conto terzi) nel bilancio. <a title=""entrate da servizi per conto terzi"" href=""http://it.wikipedia.org/wiki/Glossario_del_bilancio_comunale#Entrate_da_servizi_per_conto_terzi"" target=""_blank"">(Tit. VI - Entrate da servizi per conto terzi)</a></p>"
consuntivo-entrate-accertamenti-entrate-extratributarie-servizi-pubblici-polizia-locale,consuntivo-entrate-cassa-entrate-extratributarie-servizi-pubblici-polizia-locale,,entrate-polizia-locale,Polizia locale,"<p>Sono le <a title=""entrate extratributarie"" href=""http://it.wikipedia.org/wiki/Glossario_del_bilancio_comunale#Entrate_extratributarie"" target=""_blank"">entrate extratributarie</a> realizzate nell'esercizio delle funzioni di Polizia, comprese le contravvenzioni per infrazioni al Codice della Strada.</p>"
consuntivo-entrate-accertamenti-entrate-extratributarie-servizi-pubblici,consuntivo-entrate-cassa-entrate-extratributarie-servizi-pubblici,preventivo-entrate-entrate-extratributarie-servizi-pubblici,entrate-servizi-pubblici,Servizi pubblici,"<p>Proventi che l'ente comunale realizza con all'erogazione di servizi pubblici. <a title=""proventi dei servizi pubblici"" href=""http://it.wikipedia.org/wiki/Glossario_del_bilancio_comunale#Proventi_dei_servizi_pubblici"" target=""_blank"">(Tit. III - Cat. 1 - Proventi dei servizi pubblici)</a></p>"
consuntivo-entrate-accertamenti-entrate-extratributarie-servizi-pubblici-sociale,consuntivo-entrate-cassa-entrate-extratributarie-servizi-pubblici-sociale,,entrate-sociale,Sociale,"<p>Sono le <a title=""entrate extratributarie"" href=""http://it.wikipedia.org/wiki/Glossario_del_bilancio_comunale#Entrate_extratributarie"" target=""_blank"">entrate extratributarie</a> realizzate nell'esercizio delle funzioni nel settore Sociale (Asili nido, prevenzione, riabilitazione, anziani, ecc.).</p>"
consuntivo-entrate-accertamenti-entrate-extratributarie-servizi-pubblici-sport,consuntivo-entrate-cassa-entrate-extratributarie-servizi-pubblici-sport,,entrate-sport,Sport,"<p>Sono le <a title=""entrate extratributarie"" href=""http://it.wikipedia.org/wiki/Glossario_del_bilancio_comunale#Entrate_extratributarie"" target=""_blank"">entrate extratributarie</a> realizzate nell'esercizio delle funzioni delle Funzioni nel settore sportivo, manifestazioni, corsi, ecc.</p>"
consuntivo-entrate-accertamenti-entrate-extratributarie-servizi-pubblici-territorio-e-ambiente,consuntivo-entrate-cassa-entrate-extratributarie-servizi-pubblici-territorio-e-ambiente,,entrate-territorio-e-ambiente,Territorio e ambiente,"<p>Sono le <a title=""entrate extratributarie"" href=""http://it.wikipedia.org/wiki/Glossario_del_bilancio_comunale#Entrate_extratributarie"" target=""_blank"">entrate extratributarie</a> realizzate nell'esercizio delle funzioni di riguardanti la gestione di territorio e ambiente.</p>"
consuntivo-entrate-accertamenti-entrate-extratributarie-servizi-pubblici-turismo,consuntivo-entrate-cassa-entrate-extratributarie-servizi-pubblici-turismo,,entrate-turismo,Turismo,"<p>Sono le <a title=""entrate extratributarie"" href=""http://it.wikipedia.org/wiki/Glossario_del_bilancio_comunale#Entrate_extratributarie"" target=""_blank"">entrate extratributarie</a> realizzate nell'esercizio delle funzioni nel settore del Turismo (manifestazioni, ecc).</p>"
consuntivo-entrate-accertamenti-entrate-extratributarie-servizi-pubblici-viabilita-e-trasporti,consuntivo-entrate-cassa-entrate-extratributarie-servizi-pubblici-viabilita-e-trasporti,,entrate-viabilita-e-trasporti,Viabilità e trasporti,"<p>Sono le <a title=""entrate extratributarie"" href=""http://it.wikipedia.org/wiki/Glossario_del_bilancio_comunale#Entrate_extratributarie"" target=""_blank"">entrate extratributarie</a> realizzate nell'esercizio delle funzioni nel campo della Viabilit&agrave; e dei Trasporti.</p>"
consuntivo-spese-impegni-spese-somma-funzioni,consuntivo-spese-cassa-spese-somma-funzioni,preventivo-spese-spese-somma-funzioni,funzioni,funzioni,"<p>Le aree in cui dividono le attivit&agrave; del Comune. Sia le <a href=""http://it.wikipedia.org/wiki/Glossario_del_bilancio_comunale#Spesa_corrente"" target=""_blank"">spese correnti</a> che le spese in conto capitale vengono suddivise in funzioni. <a title=""funzioni"" href=""http://it.wikipedia.org/wiki/Glossario_del_bilancio_comunale#Funzione"" target=""_blank"">Vai al glossario</a></p>"
consuntivo-spese-impegni-spese-somma-funzioni-amministrazione,consuntivo-spese-cassa-spese-somma-funzioni-amministrazione,preventivo-spese-spese-somma-funzioni-amministrazione,funzioni-amministrazione,Amministrazione,"<p>Somma di tutte le spese per gli uffici dei servizi comunali. <a title=""Funzioni di amministrazione"" href=""http://it.wikipedia.org/wiki/Glossario_del_bilancio_comunale#Funzioni_generali_di_amministrazione.2C_gestione_e_controllo"" target=""_blank"">Vai al glossario</a></p>"
consuntivo-spese-impegni-spese-somma-funzioni-cultura,consuntivo-spese-cassa-spese-somma-funzioni-cultura,preventivo-spese-spese-somma-funzioni-cultura,funzioni-cultura,Cultura,"<p>Spese per la promozione di attivit&agrave; culturali, per la costruzione e manutenzione degli edifici adatti. <a title=""Cultura"" href=""http://it.wikipedia.org/wiki/Glossario_del_bilancio_comunale#Funzioni_relative_alla_cultura_e_ai_beni_culturali"" target=""_blank"">Vai al glossario</a></p>"
consuntivo-spese-impegni-spese-somma-funzioni-giustizia,consuntivo-spese-cassa-spese-somma-funzioni-giustizia,preventivo-spese-spese-somma-funzioni-giustizia,funzioni-giustizia,Giustizia,"<p>Spese per gli uffici giudiziari presenti sul territorio. <a title=""Giustizia"" href=""http://it.wikipedia.org/wiki/Glossario_del_bilancio_comunale#Funzioni_relative_alla_giustizia"" target=""_blank"">Vai al glossario</a></p>"
consuntivo-spese-impegni-spese-somma-funzioni-istruzione,consuntivo-spese-cassa-spese-somma-funzioni-istruzione,preventivo-spese-spese-somma-funzioni-istruzione,funzioni-istruzione,Istruzione,"<p>Spese per i servizi scolastici (esclusi gli asili nido) e la manutenzione degli stabili di proprietà. <a title=""Istruzione"" href=""http://it.wikipedia.org/wiki/Glossario_del_bilancio_comunale#Funzioni_di_istruzione_pubblica"" target=""_blank"">Vai al glossario</a></p>"
consuntivo-spese-impegni-spese-somma-funzioni-polizia-locale,consuntivo-spese-cassa-spese-somma-funzioni-polizia-locale,preventivo-spese-spese-somma-funzioni-polizia-locale,funzioni-polizia-locale,Polizia locale,"<p>Spese per la polizia locale, incluso l'acquisto di beni, come automobili o strutture adeguate per gli uffici, e la manutazione degli stessi. <a title=""Polizia locale"" href=""http://it.wikipedia.org/wiki/Glossario_del_bilancio_comunale#Funzioni_di_polizia_locale"" target=""_blank"">Vai al glossario</a></p>"
consuntivo-spese-impegni-spese-somma-funzioni-sport-manifestazioni-sportive,consuntivo-spese-cassa-spese-somma-funzioni-sport-manifestazioni-sportive,,manifestazioni-sportive,Manifestazioni sportive,"<p>Spese per le manifestazioni sportive di qualsiasi genere: organizzazione eventi, personale e promozione. <a title=""Sport"" href=""http://it.wikipedia.org/wiki/Glossario_del_bilancio_comunale#Funzioni_nel_settore_sportivo_e_ricreativo"" target=""_blank"">Vai al glossario</a></p>"
consuntivo-spese-impegni-spese-somma-funzioni-sociale,consuntivo-spese-cassa-spese-somma-funzioni-sociale,preventivo-spese-spese-somma-funzioni-sociale,funzioni-sociale,Sociale,"<p>Spese per l'erogazione dei servizi sociali ai cittadini. <a title=""Funzioni nel settore sociale"" href=""http://it.wikipedia.org/wiki/Glossario_del_bilancio_comunale#Funzioni_nel_settore_sociale"" target=""_blank"">Vai al glossario</a></p>"
consuntivo-spese-impegni-spese-somma-funzioni-sport,consuntivo-spese-cassa-spese-somma-funzioni-sport,preventivo-spese-spese-somma-funzioni-sport,funzioni-sport,Sport,"<p>Spese per l'erogazione di servizi sportivi, per la manuntezione e la costruzione di impianti sportivi, il sostegno o l'organizzazione di manifestazioni sportive. <a title=""Sport"" href=""http://it.wikipedia.org/wiki/Glossario_del_bilancio_comunale#Funzioni_nel_settore_sportivo_e_ricreativo"" target=""_blank"">Vai al glossario</a></p>"
consuntivo-spese-impegni-spese-somma-funzioni-territorio-e-ambiente,consuntivo-spese-cassa-spese-somma-funzioni-territorio-e-ambiente,preventivo-spese-spese-somma-funzioni-territorio-e-ambiente,funzioni-territorio-e-ambiente,Territorio e ambiente,"<p>Spese per gli interventi sul territorio, a favore dell'ambiente e per la manutenzione degli spazi comuni. <a title=""Funzioni relative alla gestione del territorio e dell'ambiente"" href=""http://it.wikipedia.org/wiki/Glossario_del_bilancio_comunale#Funzioni_riguardanti_la_gestione_del_territorio_e_dell.27ambiente"" target=""_blank"">Vai al glossario</a></p>"
consuntivo-spese-impegni-spese-somma-funzioni-turismo,consuntivo-spese-cassa-spese-somma-funzioni-turismo,preventivo-spese-spese-somma-funzioni-turismo,funzioni-turismo,Turismo,"<p>Spese per la promozione del turismo locale. <a title=""Turismo"" href=""http://it.wikipedia.org/wiki/Glossario_del_bilancio_comunale#Funzioni_nel_campo_turistico"" target=""_blank"">Vai al glossario</a></p>"
consuntivo-spese-impegni-spese-somma-funzioni-viabilita-e-trasporti,consuntivo-spese-cassa-spese-somma-funzioni-viabilita-e-trasporti,preventivo-spese-spese-somma-funzioni-viabilita-e-trasporti,funzioni-viabilita-e-trasporti,Viabilità e trasporti,"<p>Spese per garantire i servizi di trasporto pubblico locale, le strade e i marciapiedi. <a title=""Viabilit&agrave; e Trasporti"" href=""http://it.wikipedia.org/wiki/Glossario_del_bilancio_comunale#Funzioni_nel_campo_della_viabilit.C3.A0_e_dei_trasporti"" target=""_blank"">Vai al glossario</a></p>"
consuntivo-spese-impegni-spese-somma-funzioni-viabilita-e-trasporti-illuminazione-pubblica,consuntivo-spese-cassa-spese-somma-funzioni-viabilita-e-trasporti-illuminazione-pubblica,,illuminazione-pubblica,Illuminazione pubblica,"Spese per gli impianti di illuminazione pubblica. <a title=""Viabilit&agrave; e Trasporti"" href=""http://it.wikipedia.org/wiki/Glossario_del_bilancio_comunale#Funzioni_nel_campo_della_viabilit.C3.A0_e_dei_trasporti"" target=""_blank"">Vai al glossario</a></p>"
consuntivo-entrate-accertamenti-imposte-e-tasse-imposte,consuntivo-entrate-cassa-imposte-e-tasse-imposte,preventivo-entrate-imposte-e-tasse-imposte,imposte,Imposte,"<p>Somme che i cittadini versano al Comune come contributo generico alle spese dell'amministrazione <a title=""imposte"" href=""http://it.wikipedia.org/wiki/Glossario_del_bilancio_comunale#Imposta"" target=""_blank"">(Tit. I - Cat. 2 - Imposte)</a></p>"
consuntivo-entrate-accertamenti-imposte-e-tasse-imposte-imposte-altro,consuntivo-entrate-cassa-imposte-e-tasse-imposte-imposte-altro,preventivo-entrate-imposte-e-tasse-imposte-imposte-altro,imposte-altro,Imposte (altro),"<p>Somma di imposte: di scopo, di soggiorno; turistiche, sulla pubblicit&agrave; addizionale comunale sul consumo di energia elettrica, addizionale IRPEF, compartecipazione IVA e altre imposte (Tit I - Cat. 2 - Imposte - ISCOP; Tit. I- &nbsp;Cat. 2 - Imposte - Imposte di soggiorno Localit&agrave; turistiche; Tit. I - Cat. 2 - Imposte - Addizionale comunale sul consumo di energia; ...)</p>"
consuntivo-entrate-accertamenti-imposte-e-tasse,consuntivo-entrate-cassa-imposte-e-tasse,preventivo-entrate-imposte-e-tasse,imposte-e-tasse,Imposte e tasse,"<p>Somma di tutte le imposte e tasse che il Comune prevede/riscuote nell'anno (Titolo I Entrate - ""<a href=""http://it.wikipedia.org/wiki/Glossario_del_bilancio_comunale#Entrate_tributarie"">Entrate tributarie</a>"")</p>"
consuntivo-entrate-accertamenti-imposte-e-tasse-tasse-occupazione-suolo-pubblico,consuntivo-entrate-cassa-imposte-e-tasse-tasse-occupazione-suolo-pubblico,,occupazione-suolo-pubblico,Occupazione suolo pubblico,"<p>C.O.S.A.P. &eacute; il Canone annuale versato per l'occupazione di suolo o aree pubbliche <a title=""COSAP"" href=""http://it.wikipedia.org/wiki/Glossario_del_bilancio_comunale#Canone_Occupazione_Suolo_o_Area_Pubblica_.28C.O.S.A.P..29"" target=""_blank"">Vai al glossario</a> .</p>"
consuntivo-entrate-accertamenti-prestiti,consuntivo-entrate-cassa-prestiti,preventivo-entrate-prestiti,prestiti,Prestiti,"<p>Somme da prestiti con altri enti, anticipazioni di cassa, finanziamenti a breve termine, assunzioni di mutui e prestiti, emissione di prestiti obbligazionari <a title=""entrate derivanti da accensione di prestiti"" href=""http://it.wikipedia.org/wiki/Glossario_del_bilancio_comunale#Entrate_derivanti_da_accensione_di_prestiti"" target=""_blank"">(Tit. V - Entrate derivanti da accensioni di prestiti)</a></p>"
consuntivo-entrate-accertamenti-imposte-e-tasse-tasse-rifiuti,consuntivo-entrate-cassa-imposte-e-tasse-tasse-rifiuti,preventivo-entrate-imposte-e-tasse-tasse-rifiuti,rifiuti,Rifiuti,"<p>La tassa per la raccolta e lo smaltimento dei rifiuti solidi urbani (TARSU - <a title=""rifiuti"" href=""http://it.wikipedia.org/wiki/Glossario_del_bilancio_comunale#Tassa_per_la_raccolta_e_lo_smaltimento_dei_rifiuti_solidi_urbani_.28TARSU.29"" target=""_blank"">Tit. I - Cat. 2 - Tasse – Rifiuti</a>).</p>"
consuntivo-entrate-accertamenti-vendite-e-trasferimenti-di-capitali-riscossioni-di-crediti,consuntivo-entrate-cassa-vendite-e-trasferimenti-di-capitali-riscossioni-di-crediti,preventivo-entrate-vendite-e-trasferimenti-di-capitali-riscossioni-di-crediti,riscossioni-di-crediti,Riscossioni di crediti,"<p>La somma di tutti i crediti che il Comune riscuote nel corso dell'anno <a title=""riscossione di crediti"" href=""http://it.wikipedia.org/wiki/Glossario_del_bilancio_comunale#Riscossione_di_crediti"" target=""_blank"">(Tit. IV - Cat. 6 - Riscossione di crediti)</a></p>"
consuntivo-entrate-accertamenti-imposte-e-tasse-tasse,consuntivo-entrate-cassa-imposte-e-tasse-tasse,preventivo-entrate-imposte-e-tasse-tasse,tasse,Tasse,"<p>Tutte le entrate che i cittadini versano a titolo di pagamento per un servizio ricevuto (es. la raccolta dei rifiuti) <a title=""tasse"" href=""http://it.wikipedia.org/wiki/Glossario_del_bilancio_comunale#Tasse"" target=""_blank"">(Tit. I - Cat. 2 – Tasse)</a></p>"
consuntivo-spese-impegni-spese-somma-funzioni-cultura-teatri,consuntivo-spese-cassa-spese-somma-funzioni-cultura-teatri,,teatri,Teatri,"<p>Spese per i teatri, incluso il pagamento del personale, la costruzione e manutenzione dei locali, l'organizzazione di eventi. <a title=""Cultura"" href=""http://it.wikipedia.org/wiki/Glossario_del_bilancio_comunale#Funzioni_relative_alla_cultura_e_ai_beni_culturali"" target=""_blank"">Vai al glossario</a></p>"
consuntivo-spese-impegni-spese-correnti-interventi-trasferimenti,consuntivo-spese-cassa-spese-correnti-interventi-trasferimenti,preventivo-spese-spese-correnti-interventi-trasferimenti,trasferimenti,Trasferimenti,"<p>Somme versate, a vario titolo, a enti terzi, per promuovere attivit&agrave; nel proprio territorio. Per esempio, i patrocini o le sponsorizzazioni. <a title=""Trasferimenti"" href=""http://it.wikipedia.org/wiki/Glossario_del_bilancio_comunale#Trasferimenti"" target=""_blank"">Vai al glossario</a></p>"
consuntivo-entrate-accertamenti-vendite-e-trasferimenti-di-capitali,consuntivo-entrate-cassa-vendite-e-trasferimenti-di-capitali,preventivo-entrate-vendite-e-trasferimenti-di-capitali,trasferimenti-di-capitale,Trasferimenti di capitale,"<p>Somma delle entrate che il Comune prevede o realizza per la vendita di immobili o trasferimenti di capitali <a title=""vendite e trasferimenti di capitali"" href=""http://it.wikipedia.org/wiki/Glossario_del_bilancio_comunale#Entrate_derivanti_da_alienazioni.2C_da_trasferimenti_di_capitale_e_da_riscossione_di_crediti"" target=""_blank"">(Tit. IV - Entrate derivanti da alienazioni, da trasferimenti di capitale e da riscossione di crediti)</a></p>"
consuntivo-spese-impegni-spese-per-investimenti-interventi-trasferimenti-di-capitale,consuntivo-spese-cassa-spese-per-investimenti-interventi-trasferimenti-di-capitale,preventivo-spese-spese-per-investimenti-interventi-trasferimenti-di-capitale,trasferimenti-di-capitale,Trasferimenti di capitale,<p>Sono somme che il Comune trasferisce a diverso titolo da altri Enti.</p>
consuntivo-entrate-accertamenti-vendite-e-trasferimenti-di-capitali-trasferimenti-da-altri-enti-pubblici,consuntivo-entrate-cassa-vendite-e-trasferimenti-di-capitali-trasferimenti-da-altri-enti-pubblici,preventivo-entrate-vendite-e-trasferimenti-di-capitali-trasferimenti-di-capitali-da-altri-enti-pubblici,trasferimenti-di-capitali-da-altri-enti-pubblici,Trasferimenti di capitali da altri enti pubblici,"<p>Somme di denaro che altri enti pubblici, versano al Comune per la realizzazione di opere pubbliche <a title=""trasferimenti di capitali da altri enti pubblici"" href=""http://it.wikipedia.org/wiki/Glossario_del_bilancio_comunale#Trasferimenti_di_capitali_da_altri_enti_pubblici"" target=""_blank"">(Tit. IV - Cat. 4 - Trasferimenti di capitali da altri enti pubblici)</a></p>"
consuntivo-entrate-accertamenti-vendite-e-trasferimenti-di-capitali-trasferimenti-di-capitali-da-privati,consuntivo-entrate-cassa-vendite-e-trasferimenti-di-capitali-trasferimenti-di-capitali-da-privati,preventivo-entrate-vendite-e-trasferimenti-di-capitali-trasferimenti-di-capitali-da-privati,trasferimenti-di-capitali-da-privati,Trasferimenti di capitali da privati,"<p>Somma degli importi per permessi di costruire e relative sanzioni e di altri trasferimenti di capitali da privati <a title=""trasferimenti di capitali da altri soggetti"" href=""http://it.wikipedia.org/wiki/Glossario_del_bilancio_comunale#Trasferimenti_di_capitali_da_altri_soggetti"" target=""_blank"">(Tit. IV - Cat. 5 - Trasferimenti di capitali da altri soggetti)</a></p>"
consuntivo-entrate-accertamenti-vendite-e-trasferimenti-di-capitali-trasferimenti-dalla-regione,consuntivo-entrate-cassa-vendite-e-trasferimenti-di-capitali-trasferimenti-dalla-regione,preventivo-entrate-vendite-e-trasferimenti-di-capitali-trasferimenti-di-capitali-dalla-regione,trasferimenti-di-capitali-dalla-regione,Trasferimenti di capitali dalla Regione,"<p>Somme che la Regione versa al Comune per aiutarlo nella realizzazione di opere pubbliche <a title=""trasferimenti di capitali dalla regione"" href=""http://it.wikipedia.org/wiki/Glossario_del_bilancio_comunale#Trasferimenti_di_capitali_dalla_Regione"" target=""_blank"">(Tit. IV - Cat. 3 - Trasferimenti di capitali dalla Regione)</a></p>"
consuntivo-entrate-accertamenti-vendite-e-trasferimenti-di-capitali-trasferimenti-dallo-stato,consuntivo-entrate-cassa-vendite-e-trasferimenti-di-capitali-trasferimenti-dallo-stato,preventivo-entrate-vendite-e-trasferimenti-di-capitali-trasferimenti-di-capitali-dallo-stato,trasferimenti-di-capitali-dallo-stato,Trasferimenti di capitali dallo Stato,"<p>Somme che lo Stato versa al Comune per aiutarlo nella realizzazione di opere pubbliche <a title=""trasferimenti di capitali dallo stato"" href=""http://it.wikipedia.org/wiki/Glossario_del_bilancio_comunale#Trasferimenti_di_capitali_dallo_Stato"" target=""_blank"">(Tit. IV - Cat. 2 - Trasferimenti di capitali dallo Stato)</a></p>"
consuntivo-entrate-accertamenti-entrate-extratributarie-utili-delle-aziende-partecipate,consuntivo-entrate-cassa-entrate-extratributarie-utili-delle-aziende-partecipate,preventivo-entrate-entrate-extratributarie-utili-delle-aziende-partecipate,utili-delle-aziende-partecipate,Utili delle aziende partecipate,"<p>Utili realizzati con la partecipazione ad aziende <a title=""utili delle aziende partecipate"" href=""http://it.wikipedia.org/wiki/Glossario_del_bilancio_comunale#Utili_netti_delle_aziende_speciali_e_partecipate.2C_dividendi_di_societ.C3.A0"" target=""_blank"">(Tit. III - Cat. 4 - Utili netti delle aziende speciali e partecipate, dividendi di societ&agrave;)</a></p>"
consuntivo-entrate-accertamenti,consuntivo-entrate-cassa,preventivo-entrate,entrate,Somma di tutte le entrate del comune,DA FARE *********************
consuntivo-entrate-accertamenti-entrate-extratributarie-interessi-su-anticipazioni-o-crediti,consuntivo-entrate-cassa-entrate-extratributarie-interessi-su-anticipazioni-o-crediti,preventivo-entrate-entrate-extratributarie-interessi-su-anticipazioni-o-crediti,interessi-su-anticipazioni-o-crediti,Interessi su anticipazioni o crediti,"<p>Interessi attivi che il Comune riceve da enti terzi ai quali ha anticipato, o ha concesso di pagare in ritardo somme a titolo di credito <a title=""interessi su anticipazioni e crediti"" href=""http://it.wikipedia.org/wiki/Glossario_del_bilancio_comunale#Interessi_su_anticipazioni_e_crediti"" target=""_blank"">(Tit. III - Cat. 3 - Interessi su anticipazioni e crediti)</a></p>"
consuntivo-entrate-accertamenti-entrate-extratributarie-proventi-di-beni-dellente,consuntivo-entrate-cassa-entrate-extratributarie-proventi-di-beni-dellente,preventivo-entrate-entrate-extratributarie-proventi-di-beni-dellente,proventi-di-beni-dellente,Proventi di beni dell'ente,"<p>Proventi realizzati con l'affitto o la concessione di immobili e spazi comunali <a title=""proventi di beni dell'ente"" href=""http://it.wikipedia.org/wiki/Glossario_del_bilancio_comunale#Proventi_di_beni_dell.27ente"" target=""_blank"">(Tit. III - Cat. 2 - Proventi di beni dell'ente)</a></p>"
consuntivo-entrate-accertamenti-entrate-extratributarie-proventi-di-beni-dellente-altri-proventi,consuntivo-entrate-cassa-entrate-extratributarie-proventi-di-beni-dellente-altri-proventi,,proventi-di-beni-dellente,Altri proventi di beni dell'ente,"<p>Proventi realizzati con l'affitto o la concessione di immobili e spazi comunali <a title=""proventi di beni dell'ente"" href=""http://it.wikipedia.org/wiki/Glossario_del_bilancio_comunale#Proventi_di_beni_dell.27ente"" target=""_blank"">(Tit. III - Cat. 2 - Proventi di beni dell'ente)</a></p>"
consuntivo-entrate-accertamenti-entrate-extratributarie-proventi-di-beni-dellente-canone-occupazione-spazi-e-aree-pubbliche,consuntivo-entrate-cassa-entrate-extratributarie-proventi-di-beni-dellente-canone-occupazione-spazi-e-aree-pubbliche,,proventi-di-beni-dellente,Canoni da aree comunali,"<p>Proventi realizzati con l'affitto di spazi e aree comunali<a title=""proventi di beni dell'ente"" href=""http://it.wikipedia.org/wiki/Glossario_del_bilancio_comunale#Proventi_di_beni_dell.27ente"" target=""_blank"">(Tit. III - Cat. 2 - Proventi di beni dell'ente)</a></p>"
consuntivo-entrate-accertamenti-vendite-e-trasferimenti-di-capitali-trasferimenti-di-capitali-da-privati-permessi-di-costruire-e-sanzioni,consuntivo-entrate-cassa-vendite-e-trasferimenti-di-capitali-trasferimenti-di-capitali-da-privati-permessi-di-costruire-e-sanzioni,,permessi-di-costruire,Permessi di costruire,"<p>Sono tutti i pagamenti che i cittadini e le imprese di costruzione versano per ottenere l'autorizzare a costruire o a modificare in maniera sostanziale un edificio e le relative sanzioni. <a title=""Trasferimenti di capitali da altri soggetti"" href=""http://it.wikipedia.org/wiki/Glossario_del_bilancio_comunale#Trasferimenti_di_capitali_da_altri_soggetti"" target=""_blank"">Vai al glossario</a></p>"
consuntivo-entrate-accertamenti-vendite-e-trasferimenti-di-capitali-trasferimenti-di-capitali-da-privati-trasferimenti-di-capitali-altro,consuntivo-entrate-cassa-vendite-e-trasferimenti-di-capitali-trasferimenti-di-capitali-da-privati-trasferimenti-di-capitali-altro,,trasferimenti-di-capitali-altro,Altri trasferimenti di capitali ,"<p>Somma di trasferimenti straordinari di capitali, di redita&agrave e donazioni da famiglie e imprese.</p>"
consuntivo-spese-impegni-spese-somma-funzioni-amministrazione-organi-istituzionali,consuntivo-spese-cassa-spese-somma-funzioni-amministrazione-organi-istituzionali,,organi-istituzionali,Organi istituzionali,"<p>Spese per il funzionamento degli organi istituzionali, come Consiglio comunale e Giunta, incluse indennit&agrave; e gettoni di presenza per i consiglieri. <a title=""Organi istituzionali"" href=""http://it.wikipedia.org/wiki/Glossario_del_bilancio_comunale#Funzioni_generali_di_amministrazione.2C_gestione_e_controllo"" target=""_blank"">Vai al glossario</a></p>"
consuntivo-spese-impegni-spese-somma-funzioni-istruzione-istruzione-elementare,consuntivo-spese-cassa-spese-somma-funzioni-istruzione-istruzione-elementare,,istruzione-elementare,Istruzione elementare,"<p>Spese per le scuole elementari presenti sul territorio, inclusi la manutenzione dei locali, se di propriet&agrave;. <a title=""Istruzione"" href=""http://it.wikipedia.org/wiki/Glossario_del_bilancio_comunale#Funzioni_di_istruzione_pubblica"" target=""_blank"">Vai al glossario</a></p>"
consuntivo-spese-impegni-spese-somma-funzioni-istruzione-istruzione-media,consuntivo-spese-cassa-spese-somma-funzioni-istruzione-istruzione-media,,istruzione-media,Istruzione media,"<p>Spese per le scuole medie presenti sul territorio, inclusi l'organizzazione di manifestazioni e tornei locali, o la manutenzione dei locali scolastici, se di proprietà. <a title=""Istruzione"" href=""http://it.wikipedia.org/wiki/Glossario_del_bilancio_comunale#Funzioni_di_istruzione_pubblica"" target=""_blank"">Vai al glossario</a></p>"
consuntivo-spese-impegni-spese-somma-funzioni-istruzione-istruzione-secondaria-superiore,consuntivo-spese-cassa-spese-somma-funzioni-istruzione-istruzione-secondaria-superiore,,secondaria-superiore,Istruzione secondaria superiore,"<p>Spese per le scuole di istruzione secondaria superiore, inclusi l'organizzazione di manifestazioni, o la manutenzione dei locali scolastici, se di propriet&agrave;. <a title=""Istruzione"" href=""http://it.wikipedia.org/wiki/Glossario_del_bilancio_comunale#Funzioni_di_istruzione_pubblica"" target=""_blank"">Vai al glossario</a></p>"
consuntivo-spese-impegni-spese-somma-funzioni-istruzione-scuola-materna,consuntivo-spese-cassa-spese-somma-funzioni-istruzione-scuola-materna,,scuola-materna,Scuola materna,"<p>Spese per le scuole materne, incluso l'acquisto di nuove infrastrutture per il miglioramento del servizio. <a title=""Istruzione"" href=""http://it.wikipedia.org/wiki/Glossario_del_bilancio_comunale#Funzioni_di_istruzione_pubblica"" target=""_blank"">Vai al glossario</a></p>"
consuntivo-spese-impegni-spese-somma-funzioni-servizi-produttivi,consuntivo-spese-cassa-spese-somma-funzioni-servizi-produttivi,preventivo-spese-spese-somma-funzioni-servizi-produttivi,servizi-produttivi,Servizi produttivi,"<p>Spese per alcuni servizi di produzione offerti dall'ente: distribuzione di gas ed energia, centrali del latte, farmacie comunali, ecc. <a title=""Sviluppo economico"" href=""http://it.wikipedia.org/wiki/Glossario_del_bilancio_comunale#Funzioni_nel_campo_dello_sviluppo_economico"" target=""_blank"">Vai al glossario</a></p>"
consuntivo-spese-impegni-spese-somma-funzioni-sociale-prevenzione-e-riabilitazione,consuntivo-spese-cassa-spese-somma-funzioni-sociale-prevenzione-e-riabilitazione,,prevenzione-e-riabilitazione,Prevenzione e riabilitazione,"<p>Spesa per servizi di prevenzione e riabilitazione sul territorio (Servizi di prevenzione e riabilitazione). <a title=""Prevenzione e riabilitazione"" href=""http://it.wikipedia.org/wiki/Glossario_del_bilancio_comunale#Funzioni_nel_settore_sociale"" target=""_blank"">Vai al glossario</a></p>"
consuntivo-spese-impegni-spese-somma-funzioni-sociale-residenze-per-anziani,consuntivo-spese-cassa-spese-somma-funzioni-sociale-residenze-per-anziani,,residenze-per-anziani,Residenze per anziani,"<p>Spese per strutture residenziali e di ricovero per gli anziani residenti. <a title=""Residenze per anziani"" href=""http://it.wikipedia.org/wiki/Glossario_del_bilancio_comunale#Funzioni_nel_settore_sociale"" target=""_blank"">Vai al glossario</a></p>"
consuntivo-spese-impegni-spese-somma-funzioni-sport-piscine-comunali,consuntivo-spese-cassa-spese-somma-funzioni-sport-piscine-comunali,,piscine-comunali,Piscine comunali,"<p>Spese per la manutenzione o  costruzione della piscina comunale, inclusi costi di funzionamento ordinario e di manutenzione straordinaria. <a title=""Sport"" href=""http://it.wikipedia.org/wiki/Glossario_del_bilancio_comunale#Funzioni_nel_settore_sportivo_e_ricreativo"" target=""_blank"">Vai al glossario</a></p>"
consuntivo-spese-impegni-spese-somma-funzioni-sport-stadio-e-altri-impianti,consuntivo-spese-cassa-spese-somma-funzioni-sport-stadio-e-altri-impianti,,stadio-e-altri-impianti,Stadio e altri impianti,"<p>Spese per la manutenzione o la costruzione degli impianti sportivi comunali, inclusi i costi di funzionamento ordinario e gli interventi di manutenzione straordinaria. <a title=""Sport"" href=""http://it.wikipedia.org/wiki/Glossario_del_bilancio_comunale#Funzioni_nel_settore_sportivo_e_ricreativo"" target=""_blank"">Vai al glossario</a></p>"
consuntivo-spese-impegni-spese-somma-funzioni-sviluppo-economico,consuntivo-spese-cassa-spese-somma-funzioni-sviluppo-economico,preventivo-spese-spese-somma-funzioni-sviluppo-economico,sviluppo-economico,Sviluppo economico,"<p>Spese per lo sviluppo economico locale, incluse spese per affissioni o pubblicit&agrave; e organizzazione di manifestazioni. <a title=""Sviluppo economico"" href=""http://it.wikipedia.org/wiki/Glossario_del_bilancio_comunale#Funzioni_nel_campo_dello_sviluppo_economico"" target=""_blank"">Vai al glossario</a></p>"
consuntivo-spese-impegni-spese-somma-funzioni-territorio-e-ambiente-parchi,consuntivo-spese-cassa-spese-somma-funzioni-territorio-e-ambiente-parchi,,parchi,Parchi,"<p>Spese per la manutenzione del verde: giardinieri, installazione di arredo urbano (es. parco giochi per i bambini). <a title=""Parchi"" href=""http://it.wikipedia.org/wiki/Glossario_del_bilancio_comunale#Funzioni_riguardanti_la_gestione_del_territorio_e_dell.27ambiente"" target=""_blank"">Vai al glossario</a></p>"
consuntivo-spese-impegni-spese-somma-funzioni-territorio-e-ambiente-protezione-civile,consuntivo-spese-cassa-spese-somma-funzioni-territorio-e-ambiente-protezione-civile,,protezione-civile,Protezione civile,"<p>Spesa per il sostegno dei gruppi di protezione civile, inclusa l'eventuale costruzione o affitto di locali. <a title=""Protezione Civile"" href=""http://it.wikipedia.org/wiki/Glossario_del_bilancio_comunale#Funzioni_riguardanti_la_gestione_del_territorio_e_dell.27ambiente"" target=""_blank"">Vai al Glossario</a></p>"
consuntivo-spese-impegni-spese-somma-funzioni-territorio-e-ambiente-rifiuti,consuntivo-spese-cassa-spese-somma-funzioni-territorio-e-ambiente-rifiuti,,funzioni-rifiuti,Rifiuti,"<p>Spese per la raccolta rifuti, manutenzione degli impianti per la raccolta e lo smaltimento. <a title=""Rifiuti"" href=""http://it.wikipedia.org/wiki/Glossario_del_bilancio_comunale#Funzioni_riguardanti_la_gestione_del_territorio_e_dell.27ambiente"" target=""_blank"">Vai al glossario</a></p>"
consuntivo-spese-impegni-spese-somma-funzioni-territorio-e-ambiente-servizio-idrico,consuntivo-spese-cassa-spese-somma-funzioni-territorio-e-ambiente-servizio-idrico,,servizio-idrico,Servizio idrico,"<p>Spese per la gestione del servizio idrico: acquedotti, impianti di erogazione e tubature. <a title=""Servizio idrico"" href=""http://it.wikipedia.org/wiki/Glossario_del_bilancio_comunale#Funzioni_riguardanti_la_gestione_del_territorio_e_dell.27ambiente"">Vai al glossario</a></p>"
consuntivo-spese-impegni-spese-somma-funzioni-territorio-e-ambiente-urbanistica-e-territorio,consuntivo-spese-cassa-spese-somma-funzioni-territorio-e-ambiente-urbanistica-e-territorio,,urbanistica-e-territorio,Urbanistica e territorio,"<p>Spese per gli uffici per l'urbanistica e il governo del territorio. <a title=""Urbanistica e territorio"" href=""http://it.wikipedia.org/wiki/Glossario_del_bilancio_comunale#Funzioni_riguardanti_la_gestione_del_territorio_e_dell.27ambiente"" target=""_blank"">Vai al glossario</a></p>"
consuntivo-spese-impegni-spese-somma-funzioni-viabilita-e-trasporti-trasporti-pubblici,consuntivo-spese-cassa-spese-somma-funzioni-viabilita-e-trasporti-trasporti-pubblici,,trasporti-pubblici,Trasporti pubblici,"Spese per il trasporto pubblico locale, se non gestito da societ&agrave; esterne, speciali o partecipate. Incluso personale, e acquisto di mezzi. <a title=""Viabilit&agrave; e Trasporti"" href=""http://it.wikipedia.org/wiki/Glossario_del_bilancio_comunale#Funzioni_nel_campo_della_viabilit.C3.A0_e_dei_trasporti"" target=""_blank"">Vai al glossario</a></p>"
consuntivo-spese-impegni-spese-somma-funzioni-viabilita-e-trasporti-viabilita,consuntivo-spese-cassa-spese-somma-funzioni-viabilita-e-trasporti-viabilita,,viabilita,Viabilità,"<p>Spese destinate alla manutenzione della viabilit&agrave; stradale, al ridisegno delle strade, alla costruzione di infrastrutture, installazione arredo urbano.<a title=""Viabilit&agrave; e Trasporti"" href=""http://it.wikipedia.org/wiki/Glossario_del_bilancio_comunale#Funzioni_nel_campo_della_viabilit.C3.A0_e_dei_trasporti"" target=""_blank"">Vai al glossario</a></p>"
consuntivo-spese-impegni-prestiti,consuntivo-spese-cassa-prestiti,preventivo-spese-prestiti,spese-prestiti,Prestiti,"<p>Spese per il rimborso di prestiti: anticipazioni di cassa, finanziamenti a breve termine, pluriennali, mutui, prestiti obbligazionari <a title=""entrate derivanti da accensione di prestiti"" href=""http://it.wikipedia.org/wiki/Glossario_del_bilancio_comunale#Entrate_derivanti_da_accensione_di_prestiti"" target=""_blank"">(Tit. V - Entrate derivanti da accensioni di prestiti)</a></p>"
consuntivo-spese-impegni-spese-per-conto-terzi,consuntivo-spese-cassa-spese-per-conto-terzi,preventivo-spese-spese-per-conto-terzi,spese-per-conto-terzi,Spese per conto terzi,"<p>Principalmente si tratta del versamento delle ritenute effettuate sugli stipendi dei dipendenti quale sostituto d'imposta. Sono una partita di giro, tanto entra (entrate per conto terzi) e tanto esce nel bilancio. <a title=""entrate da servizi per conto terzi"" href=""http://it.wikipedia.org/wiki/Glossario_del_bilancio_comunale#Entrate_da_servizi_per_conto_terzi"" target=""_blank"">(Tit. VI - Entrate da servizi per conto terzi)</a></p>"
consuntivo-spese-impegni-spese-correnti-interventi,consuntivo-spese-cassa-spese-correnti-interventi,preventivo-spese-spese-correnti-interventi,interventi,interventi,"<p>E' il pi&ugrave; piccolo livello di dettaglio in cui si suddivide la spesa comunale. Indica il motivo per il quale il Comune ha speso una determinata somma di denaro. Può trattarsi di spesa per il personale, per prestazioni di soggetti esterni, per il finanziamento di altri soggetti, per l'acquisto di materiale. <a title=""Intervento"" href=""http://it.wikipedia.org/wiki/Glossario_del_bilancio_comunale#Intervento"" target=""_blank"">Vai al glossario</a></p>"
consuntivo-spese-impegni-spese-correnti-interventi-interessi-passivi-e-oneri-finanziari-diversi,consuntivo-spese-cassa-spese-correnti-interventi-interessi-passivi-e-oneri-finanziari-diversi,preventivo-spese-spese-correnti-interventi-interessi-passivi-e-oneri-finanziari-diversi,interessi-passivi-e-oneri-finanziari-diversi,Interessi passivi e oneri finanziari diversi,"<p>Spesa per gli interessi sui mutui accessi negli anni, inclusi quelli su prestiti obbligazionari emessi. <a title=""Interessi passivi e onieri finanziari"" href=""http://it.wikipedia.org/wiki/Glossario_del_bilancio_comunale#Interessi_passivi_e_oneri_finanziari"" target=""_blank"">Vai al glossario</a></p>"
consuntivo-spese-impegni-spese-correnti-interventi-personale,consuntivo-spese-cassa-spese-correnti-interventi-personale,preventivo-spese-spese-correnti-interventi-personale,personale,Personale,"<p>La spesa per i dipendenti comunali, inclusi i contributi previdenziali. <a title=""Personale"" href=""http://it.wikipedia.org/wiki/Glossario_del_bilancio_comunale#Personale"" target=""_blank"">Vai al glossario</a></p>"
consuntivo-spese-impegni-spese-correnti-interventi-prestazioni-di-servizi,consuntivo-spese-cassa-spese-correnti-interventi-prestazioni-di-servizi,preventivo-spese-spese-correnti-interventi-prestazioni-di-servizi,prestazioni-di-servizi,Prestazioni di servizi,"<p>Spese per prestazioni di servizi da soggetti terzi, servizi acquistati da soggetti diversi da dipendenti comunali (es. liberi professionisti) o da societ&agrave; esterne. <a title=""Prestazioni di servizi"" href=""http://it.wikipedia.org/wiki/Glossario_del_bilancio_comunale#Prestazioni_di_servizi"" target=""_blank"">Vai al glossario</a></p>"
consuntivo-spese-impegni-spese-per-investimenti-interventi,consuntivo-spese-cassa-spese-per-investimenti-interventi,preventivo-spese-spese-per-investimenti-interventi,interventi,interventi,"<p>E' il pi&ugrave; piccolo livello di dettaglio in cui si suddivide la spesa comunale. Indica il motivo per il quale il Comune ha speso una determinata somma di denaro. Può trattarsi di spesa per il personale, per prestazioni di soggetti esterni, per il finanziamento di altri soggetti, per l'acquisto di materiale. <a title=""Intervento"" href=""http://it.wikipedia.org/wiki/Glossario_del_bilancio_comunale#Intervento"" target=""_blank"">Vai al glossario</a></p>"
consuntivo-spese-impegni-spese-per-investimenti-interventi-incarichi-professionali-esterni,consuntivo-spese-cassa-spese-per-investimenti-interventi-incarichi-professionali-esterni,preventivo-spese-spese-per-investimenti-interventi-incarichi-professionali-esterni,incarichi-professionali-esterni,Incarichi professionali esterni,"<p>Spese per il pagamento di professionisti esterni all'ente comunale, per lo svolgimento di attivit&agrave; necessarie all'ente, per le quali non ci sono competenze interne adeguate (caso di compiti molto specializzati). <a title=""Incarichi professionali esterni"" href=""http://it.wikipedia.org/wiki/Glossario_del_bilancio_comunale#Incarichi_professionali_esterni"" target=""_blank"">Vai al glossario</a></p> "
consuntivo-spese-impegni-spese-per-investimenti-interventi-partecipazioni-azionarie,consuntivo-spese-cassa-spese-per-investimenti-interventi-partecipazioni-azionarie,preventivo-spese-spese-per-investimenti-interventi-partecipazioni-azionarie,partecipazioni-azionarie,Partecipazioni azionarie,"<p>Spese per investimenti finanziari, come l'acquisto di azioni in altre societ&agrave;, solitamente, per periodi di tempo piuttosto lunghi.<a title=""Partecipazioni azionarie"" href=""http://it.wikipedia.org/wiki/Glossario_del_bilancio_comunale#Partecipazioni_azionarie"" target=""_blank"">Vai al glossario</a></p>"